student_id,subject,attendance_percentage,assignment_average,assignment_completion,exam_average,previous_performance,recent_performance
S001,Mathematics,92,88,95,84,78,84
S001,Physics,72,65,70,55,68,55
S001,Programming,95,91,98,92,88,92
S002,Mathematics,96,94,100,91,86,91
S002,Physics,89,85,92,79,81,79
S002,Programming,93,90,96,88,84,88
S003,Mathematics,68,61,65,52,70,52
S003,Physics,61,58,60,45,65,45
S003,Programming,75,70,78,63,72,63
S004,Mathematics,88,82,90,76,75,76
S004,Physics,91,87,95,85,80,85
S004,Programming,90,86,93,82,79,82
S005,Mathematics,55,52,60,42,67,42
S005,Physics,64,57,62,48,69,48
S005,Programming,70,65,72,55,73,55
S006,Mathematics,94,89,97,87,83,87
S006,Physics,92,90,96,89,86,89
S006,Programming,96,94,100,93,90,93
S007,Mathematics,78,72,80,65,76,65
S007,Physics,74,68,72,58,71,58
S007,Programming,85,80,88,74,79,74
S008,Mathematics,63,59,67,49,64,49
S008,Physics,58,55,60,44,62,44
S008,Programming,72,68,75,57,70,57
S009,Mathematics,90,86,94,82,80,82
S009,Physics,87,84,91,78,79,78
S009,Programming,92,89,95,86,84,86
S010,Mathematics,70,66,73,54,68,54
S010,Physics,69,62,70,51,66,51
S010,Programming,81,77,85,69,75,69