student_id,subject,attendance_percentage,assignment_average,assignment_completion,exam_average,previous_performance,recent_performance,performance_trend,overall_score,attendance_risk,assignment_risk,exam_risk,declining_performance,risk_factor_count
S001,Mathematics,92,88,95,84,78,84,6,88.25,0,0,0,0,0
S001,Physics,72,65,70,55,68,55,-13,63.15,1,1,0,1,3
S001,Programming,95,91,98,92,88,92,4,93.25,0,0,0,0,0
S002,Mathematics,96,94,100,91,86,91,5,94.10000000000001,0,0,0,0,0
S002,Physics,89,85,92,79,81,79,-2,84.45,0,0,0,1,1
S002,Programming,93,90,96,88,84,88,4,90.69999999999999,0,0,0,0,0
S003,Mathematics,68,61,65,52,70,52,-18,59.4,1,1,0,1,3
S003,Physics,61,58,60,45,65,45,-20,53.7,1,1,1,1,4
S003,Programming,75,70,78,63,72,63,-9,69.4,0,0,0,1,1
S004,Mathematics,88,82,90,76,75,76,1,82.0,0,0,0,0,0
S004,Physics,91,87,95,85,80,85,5,88.2,0,0,0,0,0
S004,Programming,90,86,93,82,79,82,3,86.25,0,0,0,0,0
S005,Mathematics,55,52,60,42,67,42,-25,49.8,1,1,1,1,4
S005,Physics,64,57,62,48,69,48,-21,55.55,1,1,1,1,4
S005,Programming,70,65,72,55,73,55,-18,63.05,1,1,0,1,3
S006,Mathematics,94,89,97,87,83,87,4,90.4,0,0,0,0,0
S006,Physics,92,90,96,89,86,89,3,90.9,0,0,0,0,0
S006,Programming,96,94,100,93,90,93,3,94.9,0,0,0,0,0
S007,Mathematics,78,72,80,65,76,65,-11,71.6,0,0,0,1,1
S007,Physics,74,68,72,58,71,58,-13,65.8,1,1,0,1,3
S007,Programming,85,80,88,74,79,74,-5,79.8,0,0,0,1,1
S008,Mathematics,63,59,67,49,64,49,-15,57.0,1,1,1,1,4
S008,Physics,58,55,60,44,62,44,-18,51.95,1,1,1,1,4
S008,Programming,72,68,75,57,70,57,-13,65.45,1,0,0,1,2
S009,Mathematics,90,86,94,82,80,82,2,86.4,0,0,0,0,0
S009,Physics,87,84,91,78,79,78,-1,83.25000000000001,0,0,0,1,1
S009,Programming,92,89,95,86,84,86,2,89.30000000000001,0,0,0,0,0
S010,Mathematics,70,66,73,54,68,54,-14,63.05,1,1,0,1,3
S010,Physics,69,62,70,51,66,51,-15,60.2,1,1,0,1,3
S010,Programming,81,77,85,69,75,69,-6,75.8,0,0,0,1,1
