student_id,subject,attendance_percentage,assignment_average,assignment_completion,exam_average,previous_performance,recent_performance,performance_trend,overall_score
S001,Mathematics,92,88,95,84,78,84,6,87.3
S001,Physics,72,65,70,55,68,55,-13,61.55
S001,Programming,95,91,98,92,88,92,4,92.8
S002,Mathematics,96,94,100,91,86,91,5,93.4
S002,Physics,89,85,92,79,81,79,-2,83.3
S002,Programming,93,90,96,88,84,88,4,90.05000000000001
S003,Mathematics,68,61,65,52,70,52,-18,57.95
S003,Physics,61,58,60,45,65,45,-20,52.15
S003,Programming,75,70,78,63,72,63,-9,68.05
S004,Mathematics,88,82,90,76,75,76,1,80.7
S004,Physics,91,87,95,85,80,85,5,87.4
S004,Programming,90,86,93,82,79,82,3,85.3
S005,Mathematics,55,52,60,42,67,42,-25,48.25
S005,Physics,64,57,62,48,69,48,-21,54.050000000000004
S005,Programming,70,65,72,55,73,55,-18,61.45
S006,Mathematics,94,89,97,87,83,87,4,89.55
S006,Physics,92,90,96,89,86,89,3,90.4
S006,Programming,96,94,100,93,90,93,3,94.4
S007,Mathematics,78,72,80,65,76,65,-11,70.2
S007,Physics,74,68,72,58,71,58,-13,64.3
S007,Programming,85,80,88,74,79,74,-5,78.55
S008,Mathematics,63,59,67,49,64,49,-15,55.400000000000006
S008,Physics,58,55,60,44,62,44,-18,50.45
S008,Programming,72,68,75,57,70,57,-13,63.8
S009,Mathematics,90,86,94,82,80,82,2,85.4
S009,Physics,87,84,91,78,79,78,-1,82.14999999999999
S009,Programming,92,89,95,86,84,86,2,88.55
S010,Mathematics,70,66,73,54,68,54,-14,61.3
S010,Physics,69,62,70,51,66,51,-15,58.35
S010,Programming,81,77,85,69,75,69,-6,74.4
